scientific_name;genus;family;count_species_total;pct_species_total;count_species_street;pct_species_street;count_species_park;pct_species_park;biodiv_index;Moose;Flechte;Wildbienen;Schmetterlinge;Käfer;Vögel;Säugetiere;volume;growth_type;s_MEAN_dbh_cm;s_MEAN_height_m;s_MEAN_crown_m;s_MEDIAN_dbh_cm;s_MEDIAN_height_m;s_MEDIAN_crown_m;s_MAX_dbh_cm;s_MAX_height_m;s_MAX_crown_m;p_MEAN_dbh_cm;p_MEAN_height_m;p_MEAN_crown_m;p_MEDIAN_dbh_cm;p_MEDIAN_height_m;p_MEDIAN_crown_m;p_MAX_dbh_cm;p_MAX_height_m;p_MAX_crown_m;s_MEAN_age;p_MEAN_age;count_genus_total;pct_genus_all;count_genus_park;pct_genus_park;count_genus_street;pct_genus_street;count_family_total;pct_family_all;count_family_park;pct_family_park;count_family_street;pct_family_street
Abies alba ;Abies;Pinaceae;1;0.032797639;;;1.0;0.062460962;;;;;;;;;;;;;;;;;;;;21.00845249;9.0;6.0;21.00845249;9.0;6.0;21.00845249;9.0;6.0;;;5.0;0.163988193;5.0;0.312304809;;;102;3.345359134;85;5.309181761;17.0;1.174033149
Abies nordmanniana ;Abies;Pinaceae;4;0.131190554;;;4.0;0.249843848;;;;;;;;;;;;;;;;;;;;71.30141451;22.0;11.5;73.21127383;22.5;12.0;96.12958563;28.0;12.0;;;5.0;0.163988193;5.0;0.312304809;;;102;3.345359134;85;5.309181761;17.0;1.174033149
Acer campestre ;Acer;Sapindaceae;138;4.526074123;51.0;3.522099448;87.0;5.434103685;4.3;5.0;5.0;5.0;4.0;4.0;4.0;3.0;777.0;L;15.10411617;6.392156863;5.509803922;11.14084602;5.0;4.0;84.03380995;19.0;16.0;19.03639469;8.183908046;6.609195402;11.14084602;6.0;4.0;74.16620348;21.0;18.0;14.90322581;19.66666667;586.0;19.2194162;268.0;16.73953779;318.0;21.96132597;779;25.54936045;395;24.67207995;384.0;26.51933702
Acer cappadocicum ;Acer;Sapindaceae;10;0.327976386;6.0;0.414364641;4.0;0.249843848;2.9;4.0;4.0;5.0;1.0;2.0;2.0;2.0;436.0;L;49.28498071;15.83333333;14.0;44.08591924;16.5;14.0;75.75775291;22.0;20.0;25.70352331;9.5;9.25;19.89436789;8.5;8.0;56.02253997;17.0;16.0;66.8;71.0;586.0;19.2194162;268.0;16.73953779;318.0;21.96132597;779;25.54936045;395;24.67207995;384.0;26.51933702
Acer japonicum ;Acer;Sapindaceae;1;0.032797639;;;1.0;0.062460962;;;;;;;;;;;;;;;;;;;;11.14084602;4.0;4.0;11.14084602;4.0;4.0;11.14084602;4.0;4.0;;;586.0;19.2194162;268.0;16.73953779;318.0;21.96132597;779;25.54936045;395;24.67207995;384.0;26.51933702
Acer monspessulanum ;Acer;Sapindaceae;2;0.065595277;;;2.0;0.124921924;3.6;4.0;4.0;5.0;2.0;4.0;3.0;3.0;55.0;L;;;;;;;;;;3.978873578;3.5;4.0;3.978873578;3.5;4.0;4.774648293;4.0;4.0;;;586.0;19.2194162;268.0;16.73953779;318.0;21.96132597;779;25.54936045;395;24.67207995;384.0;26.51933702
Acer negundo ;Acer;Sapindaceae;1;0.032797639;1.0;0.069060773;;;3.0;5.0;4.0;5.0;1.0;3.0;1.0;2.0;132.0;L;31.19436885;14.0;12.0;31.19436885;14.0;12.0;31.19436885;14.0;12.0;;;;;;;;;;53.0;;586.0;19.2194162;268.0;16.73953779;318.0;21.96132597;779;25.54936045;395;24.67207995;384.0;26.51933702
Acer palmatum ;Acer;Sapindaceae;17;0.557559856;;;17.0;1.061836352;3.7;4.0;4.0;5.0;3.0;4.0;3.0;3.0;3942.0;S;;;;;;;;;;11.57150057;4.176470588;4.764705882;11.77746579;4.0;4.0;16.55211408;5.0;7.0;;;586.0;19.2194162;268.0;16.73953779;318.0;21.96132597;779;25.54936045;395;24.67207995;384.0;26.51933702
Acer platanoides ;Acer;Sapindaceae;190;6.231551328;160.0;11.04972376;30.0;1.873828857;4.3;5.0;5.0;5.0;4.0;4.0;4.0;5.0;3929.0;L;21.31084688;9.8375;8.09375;22.12253709;10.0;10.0;55.3859202;18.0;16.0;24.4249786;10.56666667;9.0;22.28169203;10.0;8.0;76.0760628;22.0;16.0;29.99342105;30.71428571;586.0;19.2194162;268.0;16.73953779;318.0;21.96132597;779;25.54936045;395;24.67207995;384.0;26.51933702
Acer pseudoplatanus ;Acer;Sapindaceae;224;7.34667104;99.0;6.837016575;125.0;7.807620237;;;;;;;;;;;23.90217873;9.868686869;7.909090909;24.82817112;10.0;8.0;51.56620156;18.0;14.0;31.36498295;13.2;10.032;30.55774907;14.0;10.0;79.89578143;21.0;18.0;35.52380952;36.52325581;586.0;19.2194162;268.0;16.73953779;318.0;21.96132597;779;25.54936045;395;24.67207995;384.0;26.51933702
Acer rufinerve ;Acer;Sapindaceae;2;0.065595277;;;2.0;0.124921924;2.7;3.0;3.0;5.0;3.0;4.0;4.0;4.0;497.0;S;;;;;;;;;;6.843662553;4.0;4.5;6.843662553;4.0;4.5;8.276057041;4.0;5.0;;;586.0;19.2194162;268.0;16.73953779;318.0;21.96132597;779;25.54936045;395;24.67207995;384.0;26.51933702
Acer saccharinum ;Acer;Sapindaceae;1;0.032797639;1.0;0.069060773;;;3.0;5.0;4.0;5.0;5.0;3.0;5.0;4.0;3528.0;S;29.28450953;15.0;10.0;29.28450953;15.0;10.0;29.28450953;15.0;10.0;;;;;;;;;;57.0;;586.0;19.2194162;268.0;16.73953779;318.0;21.96132597;779;25.54936045;395;24.67207995;384.0;26.51933702
Aesculus × carnea ;Aesculus;Sapindaceae;52;1.705477206;22.0;1.519337017;30.0;1.873828857;1.3;2.0;2.0;3.0;1.0;1.0;2.0;2.0;869.0;S;14.81587834;5.636363636;4.727272727;12.57324051;5.0;5.0;77.98592212;18.0;16.0;20.15962613;5.8;6.766666667;20.84929754;6.0;8.0;36.60563691;10.0;10.0;15.0;17.36842105;192.0;6.297146605;126.0;7.870081199;66.0;4.55801105;779;25.54936045;395;24.67207995;384.0;26.51933702
Aesculus flava ;Aesculus;Sapindaceae;1;0.032797639;1.0;0.069060773;;;2.0;3.0;3.0;3.0;1.0;1.0;3.0;1.0;59.0;L;20.37183272;10.0;6.0;20.37183272;10.0;6.0;20.37183272;10.0;6.0;;;;;;;;;;50.0;;192.0;6.297146605;126.0;7.870081199;66.0;4.55801105;779;25.54936045;395;24.67207995;384.0;26.51933702
Aesculus hippocastanum ;Aesculus;Sapindaceae;139;4.558871761;43.0;2.96961326;96.0;5.996252342;;;;;;;;;;;35.18434626;6.76744186;7.674418605;29.9211293;6.0;8.0;60.16056849;10.0;12.0;43.11441094;7.791666667;9.697916667;40.2662006;6.0;10.0;101.2225438;20.0;18.0;36.16666667;39.59574468;192.0;6.297146605;126.0;7.870081199;66.0;4.55801105;779;25.54936045;395;24.67207995;384.0;26.51933702
Ailanthus altissima ;Ailanthus;Simaroubaceae;6;0.196785831;2.0;0.138121547;4.0;0.249843848;2.9;3.0;2.0;3.0;3.0;4.0;4.0;3.0;890.0;L;69.86902002;18.0;16.0;69.86902002;18.0;16.0;98.67606472;22.0;20.0;50.69084937;17.5;13.0;54.43099054;17.0;13.0;70.02817496;22.0;16.0;49.0;;6.0;0.196785831;4.0;0.249843848;2.0;0.138121547;6;0.196785831;4;0.249843848;2.0;0.138121547
Alnus × spaethii ;Alnus;Betulaceae;10;0.327976386;1.0;0.069060773;9.0;0.562148657;2.8;3.0;3.0;3.0;2.0;3.0;4.0;3.0;42.0;L;16.2338042;10.0;8.0;16.2338042;10.0;8.0;16.2338042;10.0;8.0;30.87605896;14.0;11.33333333;30.55774907;14.0;12.0;36.60563691;15.0;12.0;;;61.0;2.000655953;47.0;2.935665209;14.0;0.966850829;334;10.95441128;214;13.36664585;120.0;8.287292818
Alnus cordata ;Alnus;Betulaceae;12;0.393571663;3.0;0.20718232;9.0;0.562148657;;;;;;;;;;;32.57371169;13.33333333;8.0;21.64507226;12.0;6.0;64.6169069;21.0;14.0;21.78654332;9.0;6.444444444;10.82253613;8.0;4.0;64.93521678;16.0;14.0;18.0;10.42857143;61.0;2.000655953;47.0;2.935665209;14.0;0.966850829;334;10.95441128;214;13.36664585;120.0;8.287292818
Alnus glutinosa ;Alnus;Betulaceae;20;0.655952771;1.0;0.069060773;19.0;1.186758276;;;;;;;;;;;46.79155327;18.0;12.0;46.79155327;18.0;12.0;46.79155327;18.0;12.0;30.67502114;11.78947368;8.736842105;26.73803044;10.0;8.0;76.39437268;24.0;16.0;58.0;24.66666667;61.0;2.000655953;47.0;2.935665209;14.0;0.966850829;334;10.95441128;214;13.36664585;120.0;8.287292818
Alnus incana ;Alnus;Betulaceae;19;0.623155133;9.0;0.621546961;10.0;0.624609619;3.3;3.0;3.0;1.0;3.0;3.0;4.0;4.0;449.0;S;19.77058071;12.55555556;7.333333333;19.73521294;15.0;8.0;38.51549623;16.0;10.0;24.86000211;11.3;7.8;23.23662169;11.0;8.0;37.56056657;17.0;10.0;17.71428571;48.0;61.0;2.000655953;47.0;2.935665209;14.0;0.966850829;334;10.95441128;214;13.36664585;120.0;8.287292818
Amelanchier × lamarckii;Amelanchier;Rosaceae;14;0.45916694;5.0;0.345303867;9.0;0.562148657;;;;;;;;;;;8.785352859;5.0;4.0;8.912676813;5.0;4.0;9.549296586;5.0;4.0;8.806573517;4.555555556;3.777777778;9.230986699;5.0;4.0;11.4591559;5.0;4.0;31.6;28.44444444;60.0;1.967858314;9.0;0.562148657;51.0;3.522099448;344;11.28238767;204;12.74203623;140.0;9.668508287
Amelanchier arborea ;Amelanchier;Rosaceae;46;1.508691374;46.0;3.17679558;;;;;;;;;;;;;6.933619694;4.695652174;2.847826087;6.68450761;4.0;2.0;14.64225476;7.0;8.0;;;;;;;;;;13.81818182;;60.0;1.967858314;9.0;0.562148657;51.0;3.522099448;344;11.28238767;204;12.74203623;140.0;9.668508287
Betula albosinensis ;Betula;Betulaceae;1;0.032797639;;;1.0;0.062460962;;;;;;;;;;;;;;;;;;;;9.549296586;8.0;6.0;9.549296586;8.0;6.0;9.549296586;8.0;6.0;;;58.0;1.902263037;48.0;2.998126171;10.0;0.690607735;334;10.95441128;214;13.36664585;120.0;8.287292818
Betula pendula ;Betula;Betulaceae;55;1.803870121;10.0;0.690607735;45.0;2.810743285;;;;;;;;;;;39.31127094;17.5;12.2;42.4943698;18.0;14.0;50.92958179;22.0;14.0;39.22285153;17.73333333;11.33333333;39.78873577;18.0;12.0;73.21127382;27.0;18.0;31.83333333;32.9047619;58.0;1.902263037;48.0;2.998126171;10.0;0.690607735;334;10.95441128;214;13.36664585;120.0;8.287292818
Betula pubescens;Betula;Betulaceae;1;0.032797639;;;1.0;0.062460962;;;;;;;;;;;;;;;;;;;;25.46479089;14.0;14.0;25.46479089;14.0;14.0;25.46479089;14.0;14.0;;26.0;58.0;1.902263037;48.0;2.998126171;10.0;0.690607735;334;10.95441128;214;13.36664585;120.0;8.287292818
Betula utilis ;Betula;Betulaceae;1;0.032797639;;;1.0;0.062460962;1.8;1.0;3.0;;1.0;1.0;2.0;3.0;318.0;S;;;;;;;;;;4.456338407;5.0;2.0;4.456338407;5.0;2.0;4.456338407;5.0;2.0;;;58.0;1.902263037;48.0;2.998126171;10.0;0.690607735;334;10.95441128;214;13.36664585;120.0;8.287292818
Carpinus betulus ;Carpinus;Betulaceae;160;5.247622171;44.0;3.038674033;116.0;7.24547158;1.7;1.0;2.0;;2.0;1.0;2.0;2.0;392.0;S;21.17484175;9.613636364;7.681818182;16.2338042;8.0;6.0;51.88451145;22.0;18.0;32.47035244;12.14655172;10.06034483;30.39859413;12.0;12.0;110.1352206;25.0;22.0;19.52380952;34.78125;160.0;5.247622171;116.0;7.24547158;44.0;3.038674033;334;10.95441128;214;13.36664585;120.0;8.287292818
Carya ovata ;Carya;Juglandaceae;1;0.032797639;;;1.0;0.062460962;;;;;;;;;;;;;;;;;;;;9.230986699;6.0;6.0;9.230986699;6.0;6.0;9.230986699;6.0;6.0;;;1.0;0.032797639;1.0;0.062460962;;;43;1.410298459;33;2.061211743;10.0;0.690607735
Castanea sativa ;Castanea;Fagaceae;17;0.557559856;2.0;0.138121547;15.0;0.936914428;2.2;3.0;4.0;;1.0;1.0;2.0;2.0;982.0;S;19.09859317;6.0;7.0;19.09859317;6.0;7.0;31.83098862;7.0;10.0;33.71962728;9.266666667;9.866666667;17.50704374;7.0;8.0;117.7746579;22.0;18.0;9.0;10.0;17.0;0.557559856;15.0;0.936914428;2.0;0.138121547;206;6.756313545;75;4.684572142;131.0;9.046961326
Catalpa bignonioides ;Catalpa;Bignoniaceae;6;0.196785831;1.0;0.069060773;5.0;0.312304809;1.7;3.0;3.0;;1.0;1.0;1.0;1.0;118.0;S;71.30141451;10.0;8.0;71.30141451;10.0;8.0;71.30141451;10.0;8.0;57.23211754;8.4;10.0;50.92958179;8.0;12.0;101.8591636;15.0;14.0;85.0;28.0;6.0;0.196785831;5.0;0.312304809;1.0;0.069060773;6;0.196785831;5;0.312304809;1.0;0.069060773
Cedrus atlantica ;Cedrus;Pinaceae;1;0.032797639;;;1.0;0.062460962;1.7;3.0;3.0;2.0;1.0;1.0;1.0;2.0;79.0;L;;;;;;;;;;103.450713;16.0;16.0;103.450713;16.0;16.0;103.450713;16.0;16.0;;;4.0;0.131190554;3.0;0.187382886;1.0;0.069060773;102;3.345359134;85;5.309181761;17.0;1.174033149
Cedrus deodara ;Cedrus;Pinaceae;2;0.065595277;;;2.0;0.124921924;;;;;;;;;;;;;;;;;;;;94.69719115;21.0;14.0;94.69719115;21.0;14.0;143.2394488;28.0;20.0;;;4.0;0.131190554;3.0;0.187382886;1.0;0.069060773;102;3.345359134;85;5.309181761;17.0;1.174033149
Cedrus libani ;Cedrus;Pinaceae;1;0.032797639;1.0;0.069060773;;;;;;;;;;;;;18.14366351;6.0;6.0;18.14366351;6.0;6.0;18.14366351;6.0;6.0;;;;;;;;;;;;4.0;0.131190554;3.0;0.187382886;1.0;0.069060773;102;3.345359134;85;5.309181761;17.0;1.174033149
Celtis australis ;Celtis;Cannabaceae;19;0.623155133;17.0;1.174033149;2.0;0.124921924;;;;;;;;;;;5.729577951;5.0;2.0;5.729577951;5.0;2.0;5.729577951;5.0;2.0;52.52113122;11.0;11.5;52.52113122;11.0;11.5;76.39437268;17.0;18.0;6.0;7.0;19.0;0.623155133;2.0;0.124921924;17.0;1.174033149;19;0.623155133;2;0.124921924;17.0;1.174033149
Cercidiphyllum japonicum ;Cercidiphyllum;Cercidiphyllaceae;15;0.491964579;3.0;0.20718232;12.0;0.749531543;;;;;;;;;;;8.806573518;5.0;3.333333333;9.230986699;5.0;4.0;10.18591636;6.0;4.0;23.36925081;7.5;5.583333333;11.14084602;5.5;4.0;110.7718404;18.0;14.0;12.0;13.5;15.0;0.491964579;12.0;0.749531543;3.0;0.20718232;15;0.491964579;12;0.749531543;3.0;0.20718232
Cercis siliquastrum;Cercis;Fabaceae;1;0.032797639;;;1.0;0.062460962;;;;;;;;;;;;;;;;;;;;7.957747155;6.0;4.0;7.957747155;6.0;4.0;7.957747155;6.0;4.0;;;1.0;0.032797639;1.0;0.062460962;;;48;1.574286651;8;0.499687695;40.0;2.762430939
Chamaecyparis lawsoniana ;Chamaecyparis;Cupressaceae;50;1.639881929;3.0;0.20718232;47.0;2.935665209;;;;;;;;;;;27.05634033;7.666666667;5.333333333;26.73803044;6.0;6.0;36.9239468;11.0;6.0;32.69110257;12.25531915;5.127659574;14.00563499;5.0;2.0;109.4986008;30.0;20.0;39.0;15.48148148;59.0;1.935060676;55.0;3.435352904;4.0;0.276243094;100;3.279763857;96;5.996252342;4.0;0.276243094
Chamaecyparis nootkatensis ;Chamaecyparis;Cupressaceae;1;0.032797639;;;1.0;0.062460962;2.4;3.0;3.0;3.0;1.0;1.0;2.0;2.0;785.0;L;;;;;;;;;;65.57183655;30.0;10.0;65.57183655;30.0;10.0;65.57183655;30.0;10.0;;;59.0;1.935060676;55.0;3.435352904;4.0;0.276243094;100;3.279763857;96;5.996252342;4.0;0.276243094
Chamaecyparis obtusa ;Chamaecyparis;Cupressaceae;1;0.032797639;1.0;0.069060773;;;;;;;;;;;;;23.55493158;5.0;4.0;23.55493158;5.0;4.0;23.55493158;5.0;4.0;;;;;;;;;;;;59.0;1.935060676;55.0;3.435352904;4.0;0.276243094;100;3.279763857;96;5.996252342;4.0;0.276243094
Chamaecyparis pisifera ;Chamaecyparis;Cupressaceae;8;0.262381109;;;8.0;0.499687695;;;;;;;;;;;;;;;;;;;;40.02746819;12.375;8.125;41.69859509;14.0;9.0;70.02817496;18.0;12.0;;;59.0;1.935060676;55.0;3.435352904;4.0;0.276243094;100;3.279763857;96;5.996252342;4.0;0.276243094
Cornus controversa ;Cornus;Cornaceae;6;0.196785831;1.0;0.069060773;5.0;0.312304809;;;;;;;;;;;9.549296586;5.0;8.0;9.549296586;5.0;8.0;9.549296586;5.0;8.0;18.4619734;7.4;6.4;17.82535363;7.0;6.0;33.10422816;8.0;8.0;;;10.0;0.327976386;7.0;0.437226733;3.0;0.20718232;10;0.327976386;7;0.437226733;3.0;0.20718232
Cornus kousa ;Cornus;Cornaceae;3;0.098392916;1.0;0.069060773;2.0;0.124921924;;;;;;;;;;;7.321127382;4.0;4.0;7.321127382;4.0;4.0;7.321127382;4.0;4.0;13.36901522;4.5;7.0;13.36901522;4.5;7.0;14.00563499;5.0;8.0;18.0;60.0;10.0;0.327976386;7.0;0.437226733;3.0;0.20718232;10;0.327976386;7;0.437226733;3.0;0.20718232
Cornus mas ;Cornus;Cornaceae;1;0.032797639;1.0;0.069060773;;;;;;;;;;;;;21.96338215;6.0;6.0;21.96338215;6.0;6.0;21.96338215;6.0;6.0;;;;;;;;;;;;10.0;0.327976386;7.0;0.437226733;3.0;0.20718232;10;0.327976386;7;0.437226733;3.0;0.20718232
Corylus avellana ;Corylus;Betulaceae;2;0.065595277;;;2.0;0.124921924;;;;;;;;;;;;;;;;;;;;3.978873578;4.0;6.0;3.978873578;4.0;6.0;4.774648293;4.0;6.0;;10.0;55.0;1.803870121;3.0;0.187382886;52.0;3.591160221;334;10.95441128;214;13.36664585;120.0;8.287292818
Corylus colurna ;Corylus;Betulaceae;53;1.738274844;52.0;3.591160221;1.0;0.062460962;3.9;4.0;5.0;5.0;2.0;3.0;5.0;2.0;12671.0;S;8.875948749;4.75;2.596153846;5.729577951;3.0;1.0;34.05915782;16.0;12.0;27.05634033;10.0;10.0;27.05634033;10.0;10.0;27.05634033;10.0;10.0;10.13461538;;55.0;1.803870121;3.0;0.187382886;52.0;3.591160221;334;10.95441128;214;13.36664585;120.0;8.287292818
Crataegus × lavallei ;Crataegus;Rosaceae;8;0.262381109;6.0;0.414364641;2.0;0.124921924;;;;;;;;;;;17.56009539;5.666666667;6.333333333;17.82535362;5.5;6.0;21.32676237;7.0;8.0;4.774648293;4.0;4.5;4.774648293;4.0;4.5;4.774648293;4.0;5.0;33.66666667;;32.0;1.049524434;14.0;0.874453467;18.0;1.243093923;344;11.28238767;204;12.74203623;140.0;9.668508287
Crataegus crus-galli ;Crataegus;Rosaceae;7;0.22958347;;;7.0;0.437226733;;;;;;;;;;;;;;;;;;;;20.73561544;4.428571429;5.428571429;17.50704374;4.0;6.0;37.56056657;5.0;8.0;;;32.0;1.049524434;14.0;0.874453467;18.0;1.243093923;344;11.28238767;204;12.74203623;140.0;9.668508287
Crataegus laevigata ;Crataegus;Rosaceae;8;0.262381109;6.0;0.414364641;2.0;0.124921924;3.3;4.0;5.0;5.0;1.0;3.0;5.0;3.0;7157.0;S;9.17793505;5.0;2.833333333;7.957747155;5.0;2.0;12.09577567;5.0;5.0;18.78028328;8.5;6.0;18.78028328;8.5;6.0;23.87324146;9.0;8.0;11.0;31.0;32.0;1.049524434;14.0;0.874453467;18.0;1.243093923;344;11.28238767;204;12.74203623;140.0;9.668508287
Crataegus monogyna ;Crataegus;Rosaceae;9;0.295178747;6.0;0.414364641;3.0;0.187382886;2.2;4.0;5.0;1.0;1.0;1.0;2.0;2.0;180.0;L;17.93145692;6.333333333;4.5;17.18873385;6.5;5.0;23.87324146;8.0;5.0;18.67417999;6.666666667;6.666666667;17.82535363;5.0;6.0;27.05634033;11.0;8.0;19.0;;32.0;1.049524434;14.0;0.874453467;18.0;1.243093923;344;11.28238767;204;12.74203623;140.0;9.668508287
Cydonia oblonga ;Cydonia;Rosaceae;2;0.065595277;1.0;0.069060773;1.0;0.062460962;1.6;2.0;4.0;1.0;1.0;1.0;1.0;1.0;1595.0;L;5.729577951;4.0;2.0;5.729577951;4.0;2.0;5.729577951;4.0;2.0;9.549296586;4.0;6.0;9.549296586;4.0;6.0;9.549296586;4.0;6.0;;;2.0;0.065595277;1.0;0.062460962;1.0;0.069060773;344;11.28238767;204;12.74203623;140.0;9.668508287
Davidia involucrata ;Davidia;Nyssaceae;1;0.032797639;;;1.0;0.062460962;1.4;2.0;2.0;1.0;1.0;1.0;1.0;2.0;1186.0;L;;;;;;;;;;20.37183272;10.0;10.0;20.37183272;10.0;10.0;20.37183272;10.0;10.0;;20.0;1.0;0.032797639;1.0;0.062460962;;;1;0.032797639;1;0.062460962;;
Fagus sylvatica ;Fagus;Fagaceae;16;0.524762217;2.0;0.138121547;14.0;0.874453467;1.7;1.0;2.0;1.0;1.0;1.0;3.0;1.0;80.0;L;38.67465118;16.0;15.0;38.67465118;16.0;15.0;52.83944111;17.0;16.0;56.15895849;16.28571429;16.14285714;50.45211696;18.5;18.0;124.1408556;28.0;30.0;;44.5;18.0;0.590357494;16.0;0.99937539;2.0;0.138121547;206;6.756313545;75;4.684572142;131.0;9.046961326
Fagus sylvatica var. pendula ;Fagus;Fagaceae;2;0.065595277;;;2.0;0.124921924;2.3;3.0;3.0;1.0;2.0;3.0;4.0;3.0;7199.0;S;;;;;;;;;;86.10282421;15.5;21.0;86.10282421;15.5;21.0;91.67324722;16.0;22.0;;;18.0;0.590357494;16.0;0.99937539;2.0;0.138121547;206;6.756313545;75;4.684572142;131.0;9.046961326
Fraxinus angustifolia ;Fraxinus;Oleaceae;31;1.016726796;28.0;1.933701657;3.0;0.187382886;2.7;3.0;5.0;2.0;3.0;3.0;5.0;3.0;2029.0;S;17.52978016;8.5;7.0;17.34788879;7.0;6.0;28.64788976;17.0;12.0;5.517371361;4.333333333;4.666666667;6.366197724;4.0;5.0;6.366197724;5.0;5.0;24.16666667;10.0;156.0;5.116431617;59.0;3.685196752;97.0;6.698895028;156;5.116431617;59;3.685196752;97.0;6.698895028
Fraxinus excelsior ;Fraxinus;Oleaceae;111;3.640537881;60.0;4.143646409;51.0;3.185509057;;;;;;;;;;;14.70591674;7.883333333;5.166666667;9.549296586;5.0;4.0;65.25352667;21.0;20.0;32.44264291;13.76470588;9.725490196;29.28450953;15.0;10.0;91.35493733;24.0;18.0;17.84375;30.81818182;156.0;5.116431617;59.0;3.685196752;97.0;6.698895028;156;5.116431617;59;3.685196752;97.0;6.698895028
Fraxinus ornus ;Fraxinus;Oleaceae;14;0.45916694;9.0;0.621546961;5.0;0.312304809;;;;;;;;;;;16.79968844;6.888888889;7.333333333;14.32394488;6.0;8.0;29.28450953;12.0;10.0;19.8625369;6.2;5.4;20.05352283;6.0;6.0;40.74366543;10.0;8.0;15.875;12.0;156.0;5.116431617;59.0;3.685196752;97.0;6.698895028;156;5.116431617;59;3.685196752;97.0;6.698895028
Ginkgo biloba ;Ginkgo;Ginkgoaceae;10;0.327976386;1.0;0.069060773;9.0;0.562148657;2.1;1.0;2.0;1.0;1.0;1.0;4.0;4.0;1870.0;S;15.27887454;8.0;4.0;15.27887454;8.0;4.0;15.27887454;8.0;4.0;40.07167789;11.77777778;8.666666667;19.09859317;9.0;6.0;120.9577567;24.0;18.0;;46.5;10.0;0.327976386;9.0;0.562148657;1.0;0.069060773;10;0.327976386;9;0.562148657;1.0;0.069060773
Gleditsia triacanthos ;Gleditsia;Fabaceae;21;0.68875041;20.0;1.38121547;1.0;0.062460962;2.0;2.0;4.0;1.0;1.0;1.0;2.0;2.0;3029.0;S;33.0087352;15.55;12.0;37.24225669;17.0;14.0;55.3859202;24.0;18.0;67.80000576;20.0;16.0;67.80000576;20.0;16.0;67.80000576;20.0;16.0;44.0;;21.0;0.68875041;1.0;0.062460962;20.0;1.38121547;48;1.574286651;8;0.499687695;40.0;2.762430939
Hibiscus syriacus ;Hibiscus;Malvaceae;4;0.131190554;4.0;0.276243094;;;1.7;2.0;3.0;1.0;1.0;1.0;2.0;2.0;151.0;L;11.37957843;3.0;3.0;11.30000096;3.0;3.0;12.09577567;3.0;3.0;;;;;;;;;;;;4.0;0.131190554;;;4.0;0.276243094;307;10.06887504;105;6.558400999;202.0;13.95027624
Ilex aquifolium ;Ilex;Aquifoliaceae;7;0.22958347;1.0;0.069060773;6.0;0.374765771;;;;;;;;;;;21.64507226;7.0;8.0;21.64507226;7.0;8.0;21.64507226;7.0;8.0;20.90234919;7.0;4.666666667;19.09859318;7.0;4.0;33.42253805;10.0;8.0;;58.0;7.0;0.22958347;6.0;0.374765771;1.0;0.069060773;7;0.22958347;6;0.374765771;1.0;0.069060773
Juglans nigra ;Juglans;Juglandaceae;2;0.065595277;;;2.0;0.124921924;;;;;;;;;;;;;;;;;;;;11.14084602;6.0;6.5;11.14084602;6.0;6.5;12.73239545;7.0;8.0;;18.0;36.0;1.180714989;29.0;1.811367895;7.0;0.483425414;43;1.410298459;33;2.061211743;10.0;0.690607735
Juglans regia ;Juglans;Juglandaceae;34;1.115119711;7.0;0.483425414;27.0;1.686445971;;;;;;;;;;;38.56096907;12.85714286;14.57142857;35.65070725;12.0;14.0;64.6169069;20.0;24.0;36.64100468;12.07407407;11.88888889;36.60563691;12.0;12.0;76.71268257;18.0;20.0;46.33333333;41.33333333;36.0;1.180714989;29.0;1.811367895;7.0;0.483425414;43;1.410298459;33;2.061211743;10.0;0.690607735
Juniperus virginiana;Juniperus;Cupressaceae;1;0.032797639;;;1.0;0.062460962;;;;;;;;;;;;;;;;;;;;49.33803236;11.0;8.0;49.33803236;11.0;8.0;49.33803236;11.0;8.0;;;1.0;0.032797639;1.0;0.062460962;;;100;3.279763857;96;5.996252342;4.0;0.276243094
Koelreuteria paniculata ;Koelreuteria;Sapindaceae;1;0.032797639;;;1.0;0.062460962;;;;;;;;;;;;;;;;;;;;30.23943919;8.0;10.0;30.23943919;8.0;10.0;30.23943919;8.0;10.0;;;1.0;0.032797639;1.0;0.062460962;;;779;25.54936045;395;24.67207995;384.0;26.51933702
Larix decidua ;Larix;Pinaceae;11;0.360774024;2.0;0.138121547;9.0;0.562148657;3.9;3.0;4.0;5.0;4.0;3.0;4.0;4.0;33.0;S;32.78591828;16.5;10.0;32.78591828;16.5;10.0;38.19718634;18.0;12.0;53.54679641;22.44444444;13.11111111;50.29296202;22.0;12.0;76.39437268;28.0;16.0;30.0;50.0;11.0;0.360774024;9.0;0.562148657;2.0;0.138121547;102;3.345359134;85;5.309181761;17.0;1.174033149
Liquidambar styraciflua ;Liquidambar;Altingiaceae;17;0.557559856;15.0;1.035911602;2.0;0.124921924;;;;;;;;;;;19.48056504;10.2;8.0;18.78028328;10.0;8.0;31.83098862;16.0;10.0;27.53380516;13.5;9.0;27.53380516;13.5;9.0;27.6929601;15.0;10.0;24.0;33.0;17.0;0.557559856;2.0;0.124921924;15.0;1.035911602;28;0.91833388;10;0.624609619;18.0;1.243093923
Liriodendron tulipifera ;Liriodendron;Altingiaceae;11;0.360774024;3.0;0.20718232;8.0;0.499687695;;;;;;;;;;;41.91080168;13.66666667;9.333333333;22.28169203;10.0;8.0;87.85352859;24.0;16.0;55.5052864;14.875;11.125;58.56901906;16.5;12.0;112.0450799;22.0;18.0;45.5;47.0;11.0;0.360774024;8.0;0.499687695;3.0;0.20718232;28;0.91833388;10;0.624609619;18.0;1.243093923
Maclura pomifera ;Maclura;Moraceae;3;0.098392916;;;3.0;0.187382886;;;;;;;;;;;;;;;;;;;;7.639437269;4.333333333;5.333333333;7.957747155;4.0;6.0;8.594366927;5.0;6.0;;10.0;3.0;0.098392916;3.0;0.187382886;;;6;0.196785831;6;0.374765771;;
Magnolia × soulangiana ;Magnolia;Magnoliaceae;4;0.131190554;;;4.0;0.249843848;1.5;2.0;2.0;;1.0;1.0;2.0;1.0;132.0;L;;;;;;;;;;17.3478888;6.0;7.5;15.59718443;6.0;7.5;28.64788976;8.0;12.0;;;10.0;0.327976386;5.0;0.312304809;5.0;0.345303867;10;0.327976386;5;0.312304809;5.0;0.345303867
Magnolia acuminata ;Magnolia;Magnoliaceae;1;0.032797639;;;1.0;0.062460962;2.0;2.0;4.0;2.0;1.0;1.0;2.0;2.0;1039.0;S;;;;;;;;;;118.7295875;24.0;26.0;118.7295875;24.0;26.0;118.7295875;24.0;26.0;;;10.0;0.327976386;5.0;0.312304809;5.0;0.345303867;10;0.327976386;5;0.312304809;5.0;0.345303867
Magnolia kobus ;Magnolia;Magnoliaceae;5;0.163988193;5.0;0.345303867;;;2.3;1.0;2.0;1.0;3.0;3.0;2.0;2.0;821.0;L;10.12225438;5.0;3.6;10.18591636;5.0;4.0;10.50422624;5.0;4.0;;;;;;;;;;12.6;;10.0;0.327976386;5.0;0.312304809;5.0;0.345303867;10;0.327976386;5;0.312304809;5.0;0.345303867
Malus × floribunda ;Malus;Rosaceae;6;0.196785831;;;6.0;0.374765771;;;;;;;;;;;;;;;;;;;;6.366197724;4.0;3.0;6.366197724;4.0;3.0;6.366197724;4.0;3.0;;11.0;28.0;0.91833388;25.0;1.561524047;3.0;0.20718232;344;11.28238767;204;12.74203623;140.0;9.668508287
Malus hybride;Malus;Rosaceae;4;0.131190554;;;4.0;0.249843848;1.4;1.0;3.0;1.0;1.0;1.0;1.0;1.0;4330.0;S;;;;;;;;;;6.525352667;5.0;4.0;6.525352667;5.0;4.0;7.002817496;5.0;4.0;;11.0;28.0;0.91833388;25.0;1.561524047;3.0;0.20718232;344;11.28238767;204;12.74203623;140.0;9.668508287
Malus Mill.;Malus;Rosaceae;17;0.557559856;3.0;0.20718232;14.0;0.874453467;1.8;1.0;2.0;1.0;3.0;3.0;2.0;2.0;500.0;S;23.23662169;5.333333333;5.333333333;22.28169203;5.0;6.0;43.29014452;7.0;8.0;23.28209453;6.785714286;8.785714286;22.28169203;6.0;8.0;40.42535555;14.0;16.0;;25.0;28.0;0.91833388;25.0;1.561524047;3.0;0.20718232;344;11.28238767;204;12.74203623;140.0;9.668508287
Malus sylvestris ;Malus;Rosaceae;1;0.032797639;;;1.0;0.062460962;;;;;;;;;;;;;;;;;;;;4.774648293;4.0;4.0;4.774648293;4.0;4.0;4.774648293;4.0;4.0;;;28.0;0.91833388;25.0;1.561524047;3.0;0.20718232;344;11.28238767;204;12.74203623;140.0;9.668508287
Mespilus germanica ;Mespilus;Rosaceae;3;0.098392916;1.0;0.069060773;2.0;0.124921924;;;;;;;;;;;7.002817496;3.0;3.0;7.002817496;3.0;3.0;7.002817496;3.0;3.0;6.366197724;3.0;3.5;6.366197724;3.0;3.5;9.549296586;3.0;4.0;16.0;18.0;3.0;0.098392916;2.0;0.124921924;1.0;0.069060773;344;11.28238767;204;12.74203623;140.0;9.668508287
Morus alba ;Morus;Moraceae;3;0.098392916;;;3.0;0.187382886;2.7;1.0;3.0;3.0;1.0;3.0;3.0;2.0;597.0;S;;;;;;;;;;10.07981306;5.666666667;6.333333333;9.549296586;5.0;6.0;11.14084602;7.0;8.0;;;3.0;0.098392916;3.0;0.187382886;;;6;0.196785831;6;0.374765771;;
Parrotia persica ;Parrotia;Hamamelidaceae;11;0.360774024;2.0;0.138121547;9.0;0.562148657;1.6;1.0;2.0;1.0;1.0;1.0;1.0;4.0;5655.0;L;19.41690306;11.0;10.5;19.41690306;11.0;10.5;28.64788976;16.0;16.0;22.95367957;9.555555556;10.11111111;28.01126998;10.0;10.0;35.01408748;15.0;20.0;41.5;50.8;11.0;0.360774024;9.0;0.562148657;2.0;0.138121547;11;0.360774024;9;0.562148657;2.0;0.138121547
Paulownia tomentosa ;Paulownia;Paulowniaceae;5;0.163988193;1.0;0.069060773;4.0;0.249843848;;;;;;;;;;;12.73239545;5.0;5.0;12.73239545;5.0;5.0;12.73239545;5.0;5.0;19.576058;9.25;8.0;19.41690306;9.5;8.0;20.37183272;11.0;8.0;;12.0;5.0;0.163988193;4.0;0.249843848;1.0;0.069060773;5;0.163988193;4;0.249843848;1.0;0.069060773
Picea abies ;Picea;Pinaceae;5;0.163988193;;;5.0;0.312304809;;;;;;;;;;;;;;;;;;;;55.70423008;19.4;10.8;54.11268065;20.0;10.0;73.21127382;27.0;14.0;;32.0;30.0;0.983929157;29.0;1.811367895;1.0;0.069060773;102;3.345359134;85;5.309181761;17.0;1.174033149
Picea omorika ;Picea;Pinaceae;20;0.655952771;1.0;0.069060773;19.0;1.186758276;4.8;3.0;5.0;1.0;1.0;1.0;4.0;3.0;5655.0;S;25.14648101;16.0;6.0;25.14648101;16.0;6.0;25.14648101;16.0;6.0;17.5908095;8.105263158;5.052631579;11.14084602;5.0;4.0;30.23943919;17.0;8.0;;;30.0;0.983929157;29.0;1.811367895;1.0;0.069060773;102;3.345359134;85;5.309181761;17.0;1.174033149
Picea orientalis ;Picea;Pinaceae;1;0.032797639;;;1.0;0.062460962;3.6;3.0;4.0;3.0;5.0;4.0;3.0;3.0;843.0;S;;;;;;;;;;63.66197724;16.0;10.0;63.66197724;16.0;10.0;63.66197724;16.0;10.0;;;30.0;0.983929157;29.0;1.811367895;1.0;0.069060773;102;3.345359134;85;5.309181761;17.0;1.174033149
Picea pungens ;Picea;Pinaceae;4;0.131190554;;;4.0;0.249843848;;;;;;;;;;;;;;;;;;;;32.86549575;12.75;7.0;34.21831277;12.5;7.0;37.24225668;16.0;8.0;;;30.0;0.983929157;29.0;1.811367895;1.0;0.069060773;102;3.345359134;85;5.309181761;17.0;1.174033149
Pinus mugo ;Pinus;Pinaceae;2;0.065595277;2.0;0.138121547;;;4.1;2.0;5.0;5.0;4.0;3.0;5.0;4.0;1186.0;S;21.48591732;7.0;6.0;21.48591732;7.0;6.0;25.14648101;7.0;6.0;;;;;;;;;;;;41.0;1.344703181;29.0;1.811367895;12.0;0.828729282;102;3.345359134;85;5.309181761;17.0;1.174033149
Pinus nigra subsp. Nigra;Pinus;Pinaceae;19;0.623155133;4.0;0.276243094;15.0;0.936914428;3.6;2.0;5.0;3.0;5.0;4.0;4.0;3.0;46.0;S;59.36479377;17.5;13.5;62.38873769;18.0;14.0;72.57465405;20.0;16.0;57.69897203;17.13333333;11.6;44.56338407;16.0;10.0;149.9239564;32.0;24.0;56.33333333;58.0;41.0;1.344703181;29.0;1.811367895;12.0;0.828729282;102;3.345359134;85;5.309181761;17.0;1.174033149
Pinus strobus ;Pinus;Pinaceae;1;0.032797639;;;1.0;0.062460962;;;;;;;;;;;;;;;;;;;;6.366197724;4.0;2.0;6.366197724;4.0;2.0;6.366197724;4.0;2.0;;7.0;41.0;1.344703181;29.0;1.811367895;12.0;0.828729282;102;3.345359134;85;5.309181761;17.0;1.174033149
Pinus sylvestris ;Pinus;Pinaceae;19;0.623155133;6.0;0.414364641;13.0;0.811992505;;;;;;;;;;;17.56009539;5.833333333;5.0;21.16760743;7.0;6.5;35.33239737;10.0;8.0;41.1844022;14.30769231;11.23076923;46.47324338;15.0;12.0;60.47887837;20.0;16.0;19.2;41.27272727;41.0;1.344703181;29.0;1.811367895;12.0;0.828729282;102;3.345359134;85;5.309181761;17.0;1.174033149
Platanus × hispanica ;Platanus;Platanaceae;340;11.15119711;187.0;12.91436464;153.0;9.556527171;4.0;3.0;4.0;5.0;4.0;5.0;4.0;4.0;16.0;S;38.13760963;14.69518717;13.05347594;42.97183463;18.0;15.0;105.0422624;32.0;24.0;46.45451927;10.96078431;11.35294118;46.1549335;7.0;10.0;222.8169203;30.0;28.0;37.56886228;63.82568807;356.0;11.67595933;158.0;9.86883198;198.0;13.67403315;356;11.67595933;158;9.86883198;198.0;13.67403315
Platanus orientalis ;Platanus;Platanaceae;16;0.524762217;11.0;0.759668508;5.0;0.312304809;;;;;;;;;;;20.54545629;10.0;6.0;20.6901426;10.0;6.0;25.46479089;10.0;6.0;11.01352206;5.4;6.4;10.50422624;5.0;6.0;14.32394488;9.0;8.0;14.0;;356.0;11.67595933;158.0;9.86883198;198.0;13.67403315;356;11.67595933;158;9.86883198;198.0;13.67403315
Populus alba ;Populus;Salicaceae;6;0.196785831;;;6.0;0.374765771;;;;;;;;;;;;;;;;;;;;27.42770186;13.0;8.0;12.89155039;11.0;6.0;98.67606472;24.0;20.0;;;46.0;1.508691374;36.0;2.248594628;10.0;0.690607735;68;2.230239423;58;3.62273579;10.0;0.690607735
Populus nigra ;Populus;Salicaceae;14;0.45916694;5.0;0.345303867;9.0;0.562148657;;;;;;;;;;;87.02592288;33.6;9.2;90.71831756;35.0;10.0;106.315502;38.0;10.0;120.1089304;38.44444444;9.777777778;119.0478974;38.0;10.0;151.1971959;44.0;12.0;55.0;75.0;46.0;1.508691374;36.0;2.248594628;10.0;0.690607735;68;2.230239423;58;3.62273579;10.0;0.690607735
Populus tremula ;Populus;Salicaceae;26;0.852738603;5.0;0.345303867;21.0;1.3116802;;;;;;;;;;;6.366197724;5.0;1.0;6.366197724;5.0;1.0;6.366197724;5.0;1.0;16.11254329;10.9047619;4.619047619;9.549296586;7.0;4.0;40.42535555;18.0;12.0;6.0;19.69230769;46.0;1.508691374;36.0;2.248594628;10.0;0.690607735;68;2.230239423;58;3.62273579;10.0;0.690607735
Prunus × subhirtella ;Prunus;Rosaceae;2;0.065595277;2.0;0.138121547;;;2.6;2.0;3.0;5.0;4.0;3.0;2.0;2.0;122.0;S;13.36901522;5.0;8.0;13.36901522;5.0;8.0;13.36901522;5.0;8.0;;;;;;;;;;16.0;;196.0;6.42833716;131.0;8.182386009;65.0;4.488950276;344;11.28238767;204;12.74203623;140.0;9.668508287
Prunus × yedoensis ;Prunus;Rosaceae;2;0.065595277;;;2.0;0.124921924;;;;;;;;;;;;;;;;;;;;9.390141643;6.5;8.0;9.390141643;6.5;8.0;9.549296586;7.0;8.0;;;196.0;6.42833716;131.0;8.182386009;65.0;4.488950276;344;11.28238767;204;12.74203623;140.0;9.668508287
Prunus avium ;Prunus;Rosaceae;113;3.706133158;34.0;2.348066298;79.0;4.93441599;1.8;3.0;;3.0;;1.0;3.0;2.0;1414.0;S;14.96992671;6.147058824;5.058823529;11.93662073;5.0;4.0;43.92676429;16.0;12.0;20.29527717;7.772151899;6.708860759;14.32394488;6.0;6.0;57.29577951;18.0;18.0;14.8;20.03846154;196.0;6.42833716;131.0;8.182386009;65.0;4.488950276;344;11.28238767;204;12.74203623;140.0;9.668508287
Prunus cerasifera ;Prunus;Rosaceae;10;0.327976386;9.0;0.621546961;1.0;0.062460962;;;;;;;;;;;12.20187897;6.333333333;5.777777778;12.41408556;6.0;6.0;15.59718442;8.0;8.0;18.4619734;5.0;6.0;18.4619734;5.0;6.0;18.4619734;5.0;6.0;26.25;58.0;196.0;6.42833716;131.0;8.182386009;65.0;4.488950276;344;11.28238767;204;12.74203623;140.0;9.668508287
Prunus domestica ;Prunus;Rosaceae;9;0.295178747;;;9.0;0.562148657;3.9;3.0;4.0;5.0;4.0;3.0;4.0;4.0;80.0;S;;;;;;;;;;19.275432;6.444444444;7.555555556;17.50704374;7.0;8.0;26.73803044;8.0;10.0;;46.75;196.0;6.42833716;131.0;8.182386009;65.0;4.488950276;344;11.28238767;204;12.74203623;140.0;9.668508287
Prunus domestica subsp. italica ;Prunus;Rosaceae;1;0.032797639;;;1.0;0.062460962;;;;;;;;;;;;;;;;;;;;12.09577567;6.0;6.0;12.09577567;6.0;6.0;12.09577567;6.0;6.0;;;196.0;6.42833716;131.0;8.182386009;65.0;4.488950276;344;11.28238767;204;12.74203623;140.0;9.668508287
Prunus domestica subsp. syriaca ;Prunus;Rosaceae;1;0.032797639;;;1.0;0.062460962;;;;;;;;;;;;;;;;;;;;15.91549431;5.0;6.0;15.91549431;5.0;6.0;15.91549431;5.0;6.0;;;196.0;6.42833716;131.0;8.182386009;65.0;4.488950276;344;11.28238767;204;12.74203623;140.0;9.668508287
Prunus ;Prunus;Rosaceae;47;1.541489013;19.0;1.312154696;28.0;1.748906933;3.7;3.0;4.0;3.0;3.0;3.0;3.0;3.0;2297.0;L;10.38695418;5.315789474;5.052631579;12.09577567;6.0;6.0;13.36901522;6.0;8.0;16.9045286;6.035714286;4.714285714;15.27887454;6.0;4.0;28.64788976;7.0;10.0;13.57894737;11.0;196.0;6.42833716;131.0;8.182386009;65.0;4.488950276;344;11.28238767;204;12.74203623;140.0;9.668508287
Prunus mahaleb ;Prunus;Rosaceae;1;0.032797639;;;1.0;0.062460962;4.4;3.0;5.0;5.0;5.0;5.0;5.0;5.0;3528.0;S/L;;;;;;;;;;17.50704374;3.0;5.0;17.50704374;3.0;5.0;17.50704374;3.0;5.0;;;196.0;6.42833716;131.0;8.182386009;65.0;4.488950276;344;11.28238767;204;12.74203623;140.0;9.668508287
Prunus padus ;Prunus;Rosaceae;5;0.163988193;;;5.0;0.312304809;4.7;3.0;5.0;5.0;5.0;5.0;5.0;5.0;4330.0;S/L;;;;;;;;;;19.41690306;10.6;8.6;22.28169203;12.0;10.0;27.05634033;15.0;14.0;;24.0;196.0;6.42833716;131.0;8.182386009;65.0;4.488950276;344;11.28238767;204;12.74203623;140.0;9.668508287
Prunus sargentii ;Prunus;Rosaceae;1;0.032797639;;;1.0;0.062460962;3.9;3.0;4.0;3.0;4.0;3.0;4.0;3.0;2297.0;S;;;;;;;;;;9.549296586;7.0;6.0;9.549296586;7.0;6.0;9.549296586;7.0;6.0;;;196.0;6.42833716;131.0;8.182386009;65.0;4.488950276;344;11.28238767;204;12.74203623;140.0;9.668508287
Prunus serotina ;Prunus;Rosaceae;1;0.032797639;1.0;0.069060773;;;;;;;;;;;;;30.23943919;13.0;10.0;30.23943919;13.0;10.0;30.23943919;13.0;10.0;;;;;;;;;;;;196.0;6.42833716;131.0;8.182386009;65.0;4.488950276;344;11.28238767;204;12.74203623;140.0;9.668508287
Prunus serrulata ;Prunus;Rosaceae;3;0.098392916;;;3.0;0.187382886;4.1;3.0;4.0;5.0;5.0;4.0;5.0;3.0;59.0;S;;;;;;;;;;18.03756022;8.0;9.333333333;18.4619734;7.0;10.0;25.46479089;12.0;10.0;;;196.0;6.42833716;131.0;8.182386009;65.0;4.488950276;344;11.28238767;204;12.74203623;140.0;9.668508287
Pseudotsuga menziesii ;Pseudotsuga;Pinaceae;5;0.163988193;1.0;0.069060773;4.0;0.249843848;;;;;;;;;;;32.1492985;11.0;8.0;32.1492985;11.0;8.0;32.1492985;11.0;8.0;59.2852163;24.25;14.5;55.70423008;21.0;14.0;87.5352187;35.0;16.0;;;5.0;0.163988193;4.0;0.249843848;1.0;0.069060773;102;3.345359134;85;5.309181761;17.0;1.174033149
Pterocarya fraxinifolia ;Pterocarya;Juglandaceae;6;0.196785831;3.0;0.20718232;3.0;0.187382886;;;;;;;;;;;65.46573326;15.33333333;17.33333333;63.02535746;16.0;16.0;89.12676813;16.0;20.0;22.70610521;11.0;6.333333333;18.4619734;8.0;6.0;35.01408748;20.0;8.0;;15.0;6.0;0.196785831;3.0;0.187382886;3.0;0.20718232;43;1.410298459;33;2.061211743;10.0;0.690607735
Pyrus calleryana;Pyrus;Rosaceae;6;0.196785831;;;6.0;0.374765771;;;;;;;;;;;;;;;;;;;;9.655399881;6.0;3.666666667;9.867606473;6.0;4.0;10.82253613;7.0;4.0;;11.0;10.0;0.327976386;10.0;0.624609619;;;344;11.28238767;204;12.74203623;140.0;9.668508287
Pyrus ;Pyrus;Rosaceae;4;0.131190554;;;4.0;0.249843848;1.5;1.0;2.0;1.0;;1.0;2.0;2.0;2344.0;S;;;;;;;;;;36.52605944;9.25;8.5;34.21831277;8.0;8.0;68.11831564;16.0;12.0;;85.0;10.0;0.327976386;10.0;0.624609619;;;344;11.28238767;204;12.74203623;140.0;9.668508287
Quercus × turneri ;Quercus;Fagaceae;1;0.032797639;;;1.0;0.062460962;1.8;2.0;3.0;1.0;1.0;1.0;3.0;2.0;1186.0;S;;;;;;;;;;42.33521486;10.0;12.0;42.33521486;10.0;12.0;42.33521486;10.0;12.0;;;168.0;5.51000328;41.0;2.560899438;127.0;8.770718232;206;6.756313545;75;4.684572142;131.0;9.046961326
Quercus coccinea ;Quercus;Fagaceae;7;0.22958347;3.0;0.20718232;4.0;0.249843848;4.2;3.0;3.0;5.0;5.0;5.0;5.0;4.0;179.0;L;13.47511852;9.333333333;8.666666667;13.36901522;10.0;8.0;15.27887454;10.0;10.0;12.09577567;8.5;5.0;11.4591559;8.0;4.0;17.50704374;10.0;8.0;;13.0;168.0;5.51000328;41.0;2.560899438;127.0;8.770718232;206;6.756313545;75;4.684572142;131.0;9.046961326
Quercus frainetto ;Quercus;Fagaceae;1;0.032797639;;;1.0;0.062460962;;;;;;;;;;;;;;;;;;;;65.57183655;20.0;16.0;65.57183655;20.0;16.0;65.57183655;20.0;16.0;;60.0;168.0;5.51000328;41.0;2.560899438;127.0;8.770718232;206;6.756313545;75;4.684572142;131.0;9.046961326
Quercus palustris ;Quercus;Fagaceae;7;0.22958347;7.0;0.483425414;;;;;;;;;;;;;22.09980067;10.42857143;9.428571429;22.60000192;10.0;10.0;27.37465021;12.0;10.0;;;;;;;;;;19.42857143;;168.0;5.51000328;41.0;2.560899438;127.0;8.770718232;206;6.756313545;75;4.684572142;131.0;9.046961326
Quercus petraea ;Quercus;Fagaceae;1;0.032797639;;;1.0;0.062460962;1.0;1.0;1.0;1.0;1.0;1.0;1.0;1.0;122.0;L;;;;;;;;;;103.450713;33.0;28.0;103.450713;33.0;28.0;103.450713;33.0;28.0;;;168.0;5.51000328;41.0;2.560899438;127.0;8.770718232;206;6.756313545;75;4.684572142;131.0;9.046961326
Quercus robur ;Quercus;Fagaceae;102;3.345359134;69.0;4.76519337;33.0;2.061211743;;;;;;;;;;;16.06311629;8.608695652;3.594202899;14.64225476;7.0;4.0;39.152116;20.0;12.0;46.08741322;14.36363636;11.93939394;44.56338407;15.0;12.0;127.3239545;27.0;24.0;26.67647059;26.8125;168.0;5.51000328;41.0;2.560899438;127.0;8.770718232;206;6.756313545;75;4.684572142;131.0;9.046961326
Quercus rubra ;Quercus;Fagaceae;49;1.60708429;48.0;3.314917127;1.0;0.062460962;;;;;;;;;;;20.57740785;8.5;6.791666667;24.3507063;10.0;8.0;50.29296202;17.0;16.0;50.92958179;15.0;14.0;50.92958179;15.0;14.0;50.92958179;15.0;14.0;24.35;71.0;168.0;5.51000328;41.0;2.560899438;127.0;8.770718232;206;6.756313545;75;4.684572142;131.0;9.046961326
Robinia pseudoacacia ;Robinia;Fabaceae;16;0.524762217;16.0;1.104972376;;;3.4;3.0;4.0;5.0;5.0;4.0;3.0;3.0;919.0;S;23.07746675;13.4375;9.75;23.23662169;15.0;11.0;33.42253805;16.0;12.0;;;;;;;;;;;;16.0;0.524762217;;;16.0;1.104972376;48;1.574286651;8;0.499687695;40.0;2.762430939
Rosaceae;Rosaceae;Rosaceae;2;0.065595277;;;2.0;0.124921924;;;;;;;;;;;;;;;;;;;;24.03239641;13.0;8.0;24.03239641;13.0;8.0;28.01126998;14.0;8.0;;;;;;;;;344;11.28238767;204;12.74203623;140.0;9.668508287
Salix caprea ;Salix;Salicaceae;4;0.131190554;;;4.0;0.249843848;4.4;4.0;5.0;5.0;5.0;5.0;3.0;3.0;1622.0;S;;;;;;;;;;28.09084745;9.25;9.75;24.03239641;10.0;11.0;54.74930042;12.0;12.0;;24.5;22.0;0.721548049;22.0;1.374141162;;;68;2.230239423;58;3.62273579;10.0;0.690607735
Salix daphnoides ;Salix;Salicaceae;1;0.032797639;;;1.0;0.062460962;4.4;4.0;5.0;5.0;5.0;5.0;5.0;3.0;7140.0;S;;;;;;;;;;26.73803044;12.0;8.0;26.73803044;12.0;8.0;26.73803044;12.0;8.0;;;22.0;0.721548049;22.0;1.374141162;;;68;2.230239423;58;3.62273579;10.0;0.690607735
Salix matsudana ;Salix;Salicaceae;2;0.065595277;;;2.0;0.124921924;3.4;4.0;4.0;5.0;3.0;1.0;3.0;3.0;199.0;S;;;;;;;;;;30.23943919;8.0;8.0;30.23943919;8.0;8.0;31.83098862;8.0;8.0;;;22.0;0.721548049;22.0;1.374141162;;;68;2.230239423;58;3.62273579;10.0;0.690607735
Salix viminalis ;Salix;Salicaceae;15;0.491964579;;;15.0;0.936914428;;;;;;;;;;;;;;;;;;;;11.24694931;4.866666667;4.133333333;9.549296586;5.0;4.0;36.60563691;12.0;12.0;;20.13333333;22.0;0.721548049;22.0;1.374141162;;;68;2.230239423;58;3.62273579;10.0;0.690607735
Sequoiadendron giganteum;Sequoiadendron;Cupressaceae;4;0.131190554;;;4.0;0.249843848;3.4;3.0;5.0;3.0;3.0;3.0;4.0;3.0;4330.0;S;;;;;;;;;;31.0352139;10.5;7.0;23.87324146;10.5;6.5;70.02817496;18.0;12.0;;27.0;4.0;0.131190554;4.0;0.249843848;;;100;3.279763857;96;5.996252342;4.0;0.276243094
Sophora japonica ;Sophora;Fabaceae;10;0.327976386;4.0;0.276243094;6.0;0.374765771;;;;;;;;;;;8.992254286;4.75;3.0;7.957747156;5.0;3.0;14.32394488;5.0;4.0;44.72253901;10.5;12.16666667;29.9211293;8.5;10.0;95.49296586;20.0;24.0;5.0;37.33333333;;;;;;;48;1.574286651;8;0.499687695;40.0;2.762430939
Sorbus aucuparia ;Sorbus;Rosaceae;12;0.393571663;1.0;0.069060773;11.0;0.687070581;2.8;5.0;4.0;5.0;1.0;3.0;2.0;2.0;188.0;S;7.957747155;4.0;2.0;7.957747155;4.0;2.0;7.957747155;4.0;2.0;12.47196009;7.181818182;5.454545455;12.73239545;7.0;6.0;23.23662169;12.0;8.0;24.0;26.0;14.0;0.45916694;13.0;0.811992505;1.0;0.069060773;344;11.28238767;204;12.74203623;140.0;9.668508287
Sorbus domestica ;Sorbus;Rosaceae;2;0.065595277;;;2.0;0.124921924;;;;;;;;;;;;;;;;;;;;10.18591636;8.5;3.5;10.18591636;8.5;3.5;10.82253613;10.0;4.0;;;14.0;0.45916694;13.0;0.811992505;1.0;0.069060773;344;11.28238767;204;12.74203623;140.0;9.668508287
Taxodium distichum ;Taxodium;Cupressaceae;23;0.754345687;;;23.0;1.436602124;;;;;;;;;;;;;;;;;;;;22.00490082;6.739130435;7.826086957;22.28169203;7.0;8.0;25.46479089;9.0;10.0;;;23.0;0.754345687;23.0;1.436602124;;;100;3.279763857;96;5.996252342;4.0;0.276243094
Taxus baccata ;Taxus;Taxaceae;40;1.311905543;12.0;0.828729282;28.0;1.748906933;;;;;;;;;;;23.63450905;7.583333333;6.166666667;26.57887549;8.0;7.0;52.52113122;18.0;16.0;36.79889649;11.21428571;10.10714286;34.21831277;11.0;11.0;74.48451337;20.0;16.0;8.0;71.25;40.0;1.311905543;28.0;1.748906933;12.0;0.828729282;40;1.311905543;28;1.748906933;12.0;0.828729282
Thuja occidentalis ;Thuja;Cupressaceae;10;0.327976386;;;10.0;0.624609619;;;;;;;;;;;;;;;;;;;;75.47127401;17.1;10.3;57.13662457;16.0;9.0;186.8479032;26.0;18.0;;;12.0;0.393571663;12.0;0.749531543;;;100;3.279763857;96;5.996252342;4.0;0.276243094
Thuja plicata ;Thuja;Cupressaceae;2;0.065595277;;;2.0;0.124921924;;;;;;;;;;;;;;;;;;;;64.45775197;18.5;12.0;64.45775197;18.5;12.0;101.8591636;27.0;16.0;;;12.0;0.393571663;12.0;0.749531543;;;100;3.279763857;96;5.996252342;4.0;0.276243094
Tilia ×euchlora ;Tilia;Malvaceae;70;2.2958347;28.0;1.933701657;42.0;2.6233604;;;;;;;;;;;26.5788755;10.0;7.714285714;26.89718538;10.0;8.0;45.83662361;17.0;12.0;37.818246;14.80952381;10.14285714;33.42253805;15.0;10.0;127.3239545;22.0;16.0;45.84210526;29.15789474;303.0;9.937684487;105.0;6.558400999;198.0;13.67403315;307;10.06887504;105;6.558400999;202.0;13.95027624
Tilia × vulgaris ;Tilia;Malvaceae;9;0.295178747;9.0;0.621546961;;;2.0;3.0;3.0;1.0;1.0;1.0;3.0;2.0;57.0;L;36.46416585;16.22222222;12.66666667;38.51549623;18.0;14.0;45.20000384;18.0;14.0;;;;;;;;;;41.55555556;;303.0;9.937684487;105.0;6.558400999;198.0;13.67403315;307;10.06887504;105;6.558400999;202.0;13.95027624
Tilia americana ;Tilia;Malvaceae;3;0.098392916;2.0;0.138121547;1.0;0.062460962;;;;;;;;;;;31.0352139;16.0;8.0;31.0352139;16.0;8.0;31.19436885;16.0;8.0;49.97465213;17.0;14.0;49.97465213;17.0;14.0;49.97465213;17.0;14.0;32.0;27.0;303.0;9.937684487;105.0;6.558400999;198.0;13.67403315;307;10.06887504;105;6.558400999;202.0;13.95027624
Tilia cordata;Tilia;Malvaceae;121;3.968514267;102.0;7.044198895;19.0;1.186758276;;;;;;;;;;;24.76575742;12.79411765;9.637254902;25.78310078;14.0;10.0;51.24789168;18.0;16.0;36.32083333;11.94736842;10.52631579;29.9211293;10.0;8.0;94.21972631;22.0;20.0;30.35294118;42.33333333;303.0;9.937684487;105.0;6.558400999;198.0;13.67403315;307;10.06887504;105;6.558400999;202.0;13.95027624
Tilia platyphyllos ;Tilia;Malvaceae;88;2.886192194;53.0;3.660220994;35.0;2.186133666;;;;;;;;;;;30.42562044;12.01886792;9.622641509;30.55774907;11.0;10.0;74.80282325;25.0;18.0;41.20748841;10.71428571;10.31428571;41.06197532;7.0;10.0;79.89578143;32.0;20.0;34.30434783;22.75;303.0;9.937684487;105.0;6.558400999;198.0;13.67403315;307;10.06887504;105;6.558400999;202.0;13.95027624
Tilia tomentosa;Tilia;Malvaceae;12;0.393571663;4.0;0.276243094;8.0;0.499687695;;;;;;;;;;;53.47606088;15.25;13.0;50.13380708;14.5;12.0;84.98873961;22.0;20.0;65.33310414;18.125;12.5;92.15071205;23.0;15.0;117.1380381;30.0;20.0;45.66666667;8.0;303.0;9.937684487;105.0;6.558400999;198.0;13.67403315;307;10.06887504;105;6.558400999;202.0;13.95027624
Tsuga canadensis ;Tsuga;Pinaceae;6;0.196785831;;;6.0;0.374765771;2.0;2.0;3.0;1.0;3.0;3.0;4.0;4.0;2297.0;S;;;;;;;;;;45.14695219;15.33333333;11.66666667;39.94789072;15.0;12.0;77.98592212;27.0;20.0;;11.0;6.0;0.196785831;6.0;0.374765771;;;102;3.345359134;85;5.309181761;17.0;1.174033149
Ulmus glabra ;Ulmus;Ulmaceae;5;0.163988193;2.0;0.138121547;3.0;0.187382886;;;;;;;;;;;51.72535651;17.5;14.0;51.72535651;17.5;14.0;63.02535746;20.0;18.0;32.2554018;14.66666667;10.66666667;31.19436885;15.0;10.0;35.01408748;17.0;12.0;37.5;;32.0;1.049524434;3.0;0.187382886;29.0;2.002762431;32;1.049524434;3;0.187382886;29.0;2.002762431
Ulmus hybride;Ulmus;Cupressaceae;81;2.656608724;81.0;5.593922652;;;2.0;3.0;3.0;1.0;1.0;1.0;2.0;2.0;309.0;S;15.50287038;6.777777778;5.111111111;14.32394488;7.0;6.0;19.09859317;7.0;6.0;;;;;;;;;;13.0;;32.0;1.049524434;3.0;0.187382886;29.0;2.002762431;100;3.279763857;96;5.996252342;4.0;0.276243094
